{
  "metadata": {
    "scenario": "2",
    "version": 9,
    "created_at": "2025-09-08T15:18:03.491588",
    "timestamp": "2025-09-08-15-18-03",
    "filename": "decision-trees/scenario2-19-2025-09-08-15-18-03.json",
    "request_id": "ce84d8b3-2ecb-4eb2-889f-ea1f153adc77",
    "function_name": "Store-decision-tree"
  },
  "decision_tree": {
    "name": "KYC Requirements for Scenario 2",
    "description": "Decision tree for KYC requirements based on client type, risk factors, and regulatory obligations",
    "nodes": [
      {
        "id": "non_cond_1",
        "name": "Client Identification and Verification",
        "description": "Collect and verify client identity information: Name, Address, Taxpayer Identification Number. Acceptable documents: Any evidencing document from reliable source, dated within 12 months or confirmed as most up-to-date.",
        "type": "non_conditional",
        "children": ["non_cond_2"]
      },
      {
        "id": "non_cond_2",
        "name": "Business Relationship Information",
        "description": "Collect information on the purpose and intended nature of the business relationship, establishment channel, and products/services required. Acceptable documents: Any evidencing document from reliable source, dated within 12 months or confirmed as most up-to-date.",
        "type": "non_conditional",
        "children": ["non_cond_3"]
      },
      {
        "id": "non_cond_3",
        "name": "Geographic Information",
        "description": "Identify countries linked to the client: incorporation, establishment, tax and mailing address, immediate parent company, control, regulation, business. Acceptable documents: Official documents, K-bis or equivalent, dated within 3 months or confirmed as most up-to-date.",
        "type": "non_conditional",
        "children": ["non_cond_4"]
      },
      {
        "id": "non_cond_4",
        "name": "Adverse Information Check",
        "description": "Perform searches on relevant adverse information on the client, shareholders, UBOs, and legal representatives. Focus on past 5 years and any enforcement decisions or agreements.",
        "type": "non_conditional",
        "children": ["cond_1"]
      },
      {
        "id": "cond_1",
        "name": "Is the client a legal person?",
        "type": "conditional",
        "description": "Determine if the client is a legal entity (company, organization, or association)",
        "children": {
          "Yes": "cond_1_yes",
          "No": "cond_2"
        }
      },
      {
        "id": "cond_1_yes",
        "name": "Legal Person Requirements",
        "description": "Collect additional information: Legal form, Registration number, Legal representatives' details (Name, Position, Nationality). Acceptable documents: Extract from official register (e.g., K-bis), dated within 3 months or confirmed as most up-to-date.",
        "type": "requirement",
        "children": ["cond_2"]
      },
      {
        "id": "cond_2",
        "name": "Is the client or UBO a Politically Exposed Person (PEP) or Relative and Close Associate (RCA)?",
        "description": "Determine PEP/RCA status for the client (if natural person) or UBOs (if legal person)",
        "type": "conditional",
        "children": {
          "Yes": "cond_2_yes",
          "No": "cond_3"
        }
      },
      {
        "id": "cond_2_yes",
        "name": "PEP/RCA Additional Requirements",
        "description": "Obtain Executive Management Approval (SMA). Conduct enhanced due diligence. Collect information on source of wealth and funds.",
        "type": "requirement",
        "children": ["cond_3"]
      },
      {
        "id": "cond_3",
        "name": "Does the client operate in high-risk sectors?",
        "description": "Determine if client is involved in sectors such as Mining, Defense, Gambling, etc.",
        "type": "conditional",
        "children": {
          "Yes": "cond_3_yes",
          "No": "cond_4"
        }
      },
      {
        "id": "cond_3_yes",
        "name": "High-Risk Sector Requirements",
        "description": "Conduct enhanced due diligence. Collect information on anti-corruption program including policies, procedures, risk mapping, and control measures.",
        "type": "requirement",
        "children": ["cond_4"]
      },
      {
        "id": "cond_4",
        "name": "Does the client have significant business in countries with high corruption risk?",
        "description": "Determine if client has >10% of revenue from countries with corruption index below 25",
        "type": "conditional",
        "children": {
          "Yes": "cond_4_yes",
          "No": "cond_5"
        }
      },
      {
        "id": "cond_4_yes",
        "name": "High Corruption Risk Country Requirements",
        "description": "Conduct enhanced due diligence. Collect detailed information on business activities in high-risk countries and anti-corruption measures.",
        "type": "requirement",
        "children": ["cond_5"]
      },
      {
        "id": "cond_5",
        "name": "Is the client from or operating in a country listed by FATF or EU as high-risk?",
        "description": "Check if client is established, registered, or operating in FATF/EU listed countries",
        "type": "conditional",
        "children": {
          "Yes": "cond_5_yes",
          "No": "end_node"
        }
      },
      {
        "id": "cond_5_yes",
        "name": "FATF/EU Listed Country Requirements",
        "description": "Obtain Executive Management Approval. Conduct risk analysis focusing on links with listed country. Implement and document enhanced due diligence measures.",
        "type": "requirement",
        "children": ["end_node"]
      },
      {
        "id": "end_node",
        "name": "KYC Requirements Complete",
        "description": "All required KYC information has been collected based on client profile and conditional requirements",
        "type": "end",
        "children": []
      }
    ]
  }
}
